"FileName","ErrorLines"
"1.js.txt","18"
"10.js.txt","31"
"11.js.txt","12"
"12.js.txt","2"
"14.js.txt","2"
"15.js.txt","6"
"17.js.txt","2"
"18.js.txt","30"
"19.js.txt","25"
"2.js.txt","21"
"20.js.txt","32"
"21.js.txt","16"
"22.js.txt","8"
"23.js.txt","17"
"24.js.txt","1"
"25.js.txt","5"
"26.js.txt","4"
"27.js.txt","9"
"28.js.txt","23"
"29.js.txt","2"
"3.js.txt","20"
"30.js.txt","2"
"31.js.txt","12"
"33.js.txt","2"
"35.js.txt","2"
"4.js.txt","36"
"40.js.txt","1"
"41.js.txt","2"
"42.js.txt","1"
"5.js.txt","37"
"6.js.txt","27"
"7.js.txt","28"
"8.js.txt","74"
"9.js.txt","46"
