"FileName","Tags","Confidence"
"1.js.txt","Initialization, Logging, Error Handling, Configuration, Frontend/React, Build Process, State Management, Synchronization","High"
"1.ps1.txt","","Low"
"10.js.txt","Initialization, Error Handling","High"
"11.js.txt","Initialization, Logging, Error Handling, Configuration, API Integration, Synchronization","High"
"12.js.txt","Initialization, Error Handling, Synchronization","High"
"13.js.txt","Error Handling, API Integration","High"
"14.js.txt","Initialization, Logging, Error Handling, API Integration, Synchronization","High"
"15.js.txt","Initialization, Logging, Error Handling, Configuration, Synchronization","High"
"16.js.txt","Initialization, Logging, Error Handling, Configuration, Authentication, API Integration, Synchronization","High"
"17.js.txt","Initialization, Error Handling, Authentication, Synchronization","High"
"18.js.txt","Initialization, Error Handling, Frontend/React, API Integration, Synchronization","High"
"19.js.txt","Initialization, Error Handling, Build Process, API Integration, Synchronization","High"
"2.js.txt","Initialization, Logging, Error Handling, Configuration, Frontend/React, Build Process, State Management","High"
"20.js.txt","Initialization, Logging, Error Handling, Synchronization","High"
"21.js.txt","Initialization, Logging, Error Handling, Authentication, Synchronization","High"
"22.js.txt","Initialization, Logging, Error Handling, Configuration, Build Process, API Integration, Synchronization","High"
"23.js.txt","Initialization, Error Handling, API Integration, Synchronization","High"
"24.js.txt","Initialization, Logging, Error Handling, Configuration, API Integration, Synchronization","High"
"25.js.txt","Initialization, Logging, Error Handling, Configuration, Authentication, API Integration, Synchronization","High"
"26.js.txt","Initialization, Logging, Error Handling, Configuration, Synchronization","High"
"27.js.txt","Initialization, Logging, Error Handling, Synchronization","High"
"28.js.txt","Initialization, Error Handling, API Integration, Synchronization","High"
"29.js.txt","Initialization, Logging, Error Handling","High"
"3.js.txt","Initialization, Logging, Error Handling, Configuration, Frontend/React, State Management","High"
"30.js.txt","Error Handling, Configuration, Synchronization","High"
"31.js.txt","Initialization, Error Handling, Synchronization","High"
"32.js.txt","Initialization, Logging, Error Handling, API Integration, Synchronization","High"
"33.js.txt","Initialization, Error Handling, Synchronization","High"
"34.js.txt","Initialization, Logging, Error Handling, Synchronization","High"
"35.js.txt","Initialization, Error Handling, Synchronization","High"
"36.js.txt","Initialization, Logging, Error Handling, Synchronization","High"
"37.js.txt","Initialization, Error Handling","High"
"38.js.txt","Logging, Error Handling, Synchronization","High"
"39.js.txt","Initialization, Logging, Error Handling, Configuration, API Integration, Synchronization","High"
"4.js.txt","Initialization, Logging, Error Handling, Configuration, Frontend/React, Build Process, Synchronization","High"
"40.js.txt","Initialization, Error Handling, Configuration, API Integration, Synchronization","High"
"41.js.txt","Initialization, Logging, Error Handling, Configuration, Synchronization","High"
"42.js.txt","Initialization, Logging, Error Handling, Configuration, API Integration, Synchronization","High"
"43.js.txt","Initialization, Logging, Error Handling, Configuration, API Integration, Synchronization","High"
"5.js.txt","Initialization, Logging, Error Handling, Frontend/React","High"
"6.js.txt","Initialization, Error Handling, Configuration, Frontend/React, Synchronization","High"
"7.js.txt","Error Handling, Frontend/React, Synchronization","High"
"8.js.txt","Error Handling, Configuration, Frontend/React","High"
"9.js.txt","Initialization, Error Handling, Configuration, Frontend/React, Synchronization","High"
