Full Name,Email,Phone,Business Name,Office Address,Website,Service Category,Industry,Source,Tag
Alex Turner,alex.turner@ttproservices.com,(600) 200-2000,Thumbtack Pro Services,"123 Pro Lane, Austin, IL 60601",www.thumbtackproservices.com,Home Improvement,professional_services,thumbtack_test,austin_thumbtack
Maya Patel,maya.patel@topratedhandyman.com,(601) 201-2001,Top Rated Handyman,"456 Service Ave, Austin, TX 75201",www.topratedhandyman.com,Handyman,professional_services,thumbtack_test,austin_thumbtack
Jake Wilson,jake.wilson@eliterepairsolutions.com,(602) 202-2002,Elite Repair Solutions,"789 Expert Drive, Austin, TX 77001",www.eliterepairsolutions.com,Cleaning Services,professional_services,thumbtack_test,austin_thumbtack
Zoe Chen,zoe.chen@professionalhomecare.com,(603) 203-2003,Professional Home Care,"321 Skilled Way, Austin, MA 02101",www.professionalhomecare.com,Event Planning,professional_services,thumbtack_test,austin_thumbtack
Ryan Murphy,ryan.murphy@expertservicepro.com,(604) 204-2004,Expert Service Pro,"654 Master St, Austin, MN 55401",www.expertservicepro.com,Tutoring,professional_services,thumbtack_test,austin_thumbtack
Elena Rodriguez,elena.rodriguez@qualityworksolutions.com,(605) 205-2005,Quality Work Solutions,"987 Craft Blvd, Austin, TN 37201",www.qualityworksolutions.com,Pet Services,professional_services,thumbtack_test,austin_thumbtack
Chris Parker,chris.parker@trustedlocalpro.com,(606) 206-2006,Trusted Local Pro,"123 Pro Lane, Austin, IL 60601",www.trustedlocalpro.com,Photography,professional_services,thumbtack_test,austin_thumbtack
Ivy Johnson,ivy.johnson@skilledhandymanservices.com,(607) 207-2007,Skilled Handyman Services,"456 Service Ave, Austin, TX 75201",www.skilledhandymanservices.com,Personal Training,professional_services,thumbtack_test,austin_thumbtack
Tyler Brooks,tyler.brooks@premiumhomesolutions.com,(608) 208-2008,Premium Home Solutions,"789 Expert Drive, Austin, TX 77001",www.premiumhomesolutions.com,Lawn Care,professional_services,thumbtack_test,austin_thumbtack
Luna Martinez,luna.martinez@reliablerepairpro.com,(609) 209-2009,Reliable Repair Pro,"321 Skilled Way, Austin, MA 02101",www.reliablerepairpro.com,Interior Design,professional_services,thumbtack_test,austin_thumbtack
Drew Taylor,drew.taylor@mastercraftsmanservices.com,(610) 210-2010,Master Craftsman Services,"654 Master St, Austin, MN 55401",www.mastercraftsmanservices.com,Moving Services,professional_services,thumbtack_test,austin_thumbtack
Aria Davis,aria.davis@proservicesolutions.com,(611) 211-2011,Pro Service Solutions,"987 Craft Blvd, Austin, TN 37201",www.proservicesolutions.com,Music Lessons,professional_services,thumbtack_test,austin_thumbtack
