Name,Business,Email,Phone,Address
Sample Realtor 1,Sample Realty Inc,sample1@realtor.com,(555) 123-4567,"123 Main St, Florida"
Sample Realtor 2,Sample Realty Inc,sample2@realtor.com,(555) 123-4567,"123 Main St, Florida"
Sample Realtor 3,Sample Realty Inc,sample3@realtor.com,(555) 123-4567,"123 Main St, Florida"
Sample Realtor 4,Sample Realty Inc,sample4@realtor.com,(555) 123-4567,"123 Main St, Florida"
Sample Realtor 5,Sample Realty Inc,sample5@realtor.com,(555) 123-4567,"123 Main St, Florida"
Sample Realtor 6,Sample Realty Inc,sample6@realtor.com,(555) 123-4567,"123 Main St, Florida"
Sample Realtor 7,Sample Realty Inc,sample7@realtor.com,(555) 123-4567,"123 Main St, Florida"
Sample Realtor 8,Sample Realty Inc,sample8@realtor.com,(555) 123-4567,"123 Main St, Florida"
Sample Realtor 9,Sample Realty Inc,sample9@realtor.com,(555) 123-4567,"123 Main St, Florida"
Sample Realtor 10,Sample Realty Inc,sample10@realtor.com,(555) 123-4567,"123 Main St, Florida"
